SETL,PLYL,SITT,PLYT,PLF_,ord_,name,risk,motn,phlp,vpos
2,2,2,36,97,21,Cover 3 Switch,0,0,7,3
2,12,2,39,21,32,Lightning Gold,0,1,7,4
2,503,2,37,3,17,Hulk 3,0,1,7,7
2,512,2,34,1073,22,Spy Gold,0,1,7,0
2,513,2,39,21,7,Dog Gold,0,1,7,5
2,514,2,39,25,10,Crash Gold,0,1,7,6
2,515,2,38,1,31,Gold Double X,0,1,7,6
2,516,2,38,1,16,Gold Double Y,0,1,7,5
2,517,2,38,1,19,Gold Double Z,0,1,7,5
2,519,2,38,27,11,Fire Green,0,1,7,6
2,526,2,34,49,1,Cover 2 Man,0,1,7,0
2,552,2,39,69,24,Dog 3,0,1,7,5
2,556,2,37,11,28,Fire 2,0,1,7,6
2,557,2,37,9,30,Cover 6,0,1,7,4
2,558,2,36,65,9,Cover 4,0,1,7,0
2,560,2,36,1089,29,Spy 3,0,1,7,0
2,561,2,36,1057,25,Spy 2,0,1,7,0
2,564,2,37,73,26,Monster 3,0,1,7,9
2,566,2,36,33,3,Cover 2,0,1,7,0
2,568,2,37,37,12,Lightning 2,0,1,7,4
2,569,2,38,5,2,Thunder Green,0,1,7,4
2,570,2,37,1,20,Raider 2,0,1,7,6
2,1860,2,38,21,5,Storm Red,0,1,7,9
2,1861,2,38,21,8,Sack Red,0,1,7,8
2,3621,2,38,29,14,Monster Green,0,1,7,5
2,3622,2,39,37,18,Dog 2,0,1,7,5
2,3623,2,37,41,27,Crash 2,0,1,7,6
2,3624,2,37,5,23,Thunder 2,0,1,7,4
2,3625,2,36,97,6,Cover 3,0,0,7,3
2,4907,2,34,113,15,Cover 1 ,0,1,7,8
2,5264,2,36,1057,13,OLB Double Spy,0,1,7,4
2,5286,2,34,1137,4,Double DE Spy,0,1,7,3
2,5287,2,33,1025,33,Safety Spy,0,1,7,8
5,5,2,21,0,2,Kickoff Middle,0,1,7,0
5,9,2,21,0,1,Kickoff Left,0,1,7,0
5,10,2,21,0,3,Kickoff Right,0,1,7,0
5,5283,2,21,0,5,Kickoff Middle,0,1,7,0
6,5251,2,21,0,1,Kick Return,0,1,7,0
6,5252,2,21,0,3,Kick Return ,0,1,7,0
6,5255,2,21,0,5,Kick Return  ,0,1,7,0
6,5259,2,21,0,2,Kick Return,0,1,7,0
7,7,2,35,0,2,Return Middle,0,0,7,0
7,1777,2,35,0,1,Return Left,0,0,7,0
7,1778,2,35,0,3,Return Right,0,0,7,0
8,8,2,21,0,2,Punt Middle,0,1,7,0
8,1775,2,21,0,1,Punt Left,0,1,7,0
8,1776,2,21,0,3,Punt Right,0,1,7,0
12,18,2,21,163840,7,Punt OB Left,0,1,7,0
12,452,2,3,32768,1,Spread Pass,0,0,7,0
12,1764,2,21,32768,2,Spread Punt,0,1,7,0
12,3515,2,21,98304,9,Punt OB Right,0,1,7,0
12,3516,2,21,294912,8,Sky Punt,0,1,7,0
34,472,2,36,945,3,Cover 2,0,1,7,0
34,583,2,38,29,8,Monster Green,0,1,7,5
34,584,2,39,1073,4,Spy Gold,0,1,7,6
34,585,2,33,1,16,Double Outs,0,1,7,0
34,586,2,38,1,10,Gold Double Y,0,1,7,0
34,587,2,38,1,25,Gold Double X,0,1,7,6
34,590,2,37,57,11,Crash 2,0,1,7,5
34,594,2,38,21,5,Thunder Green,0,1,7,5
34,597,2,38,27,2,Fire Green,0,1,7,4
34,606,2,36,97,6,Cover 3,0,1,7,0
34,607,2,39,27,14,Crash Gold,0,1,7,4
34,608,2,34,49,1,Cover 2 Man,0,1,7,0
34,1842,2,34,25,19,Dog Gold,0,1,7,0
34,3193,2,36,993,9,Cover 4,0,1,7,0
34,3626,2,36,945,18,Cover 6,0,1,7,0
34,3627,2,39,1,13,Gold Double Z,0,1,7,4
34,3628,2,34,1073,22,Spy 2 Man,0,1,7,0
34,3629,2,37,1969,24,Double OLB Spy,0,1,7,4
34,3630,2,37,59,20,Fire 2,0,1,7,4
34,3631,2,37,53,27,Thunder 2,0,1,7,5
34,3633,2,36,1009,15,Cover 3 Max,0,1,7,0
34,3635,2,37,1121,12,Spy 3,0,1,7,6
34,4881,2,37,3,23,Hulk 3 ,0,1,7,7
34,4908,2,39,113,21,Cover 1 ,0,1,7,6
34,5288,2,39,1073,7,Double DE Spy,0,1,7,6
34,5289,2,34,1073,17,Safety Spy,0,1,7,8
34,5290,2,39,1073,26,MLB Spy,0,1,7,5
35,473,2,36,1009,3,Cover 2,0,1,7,3
35,474,2,36,97,9,Cover 4,0,1,7,0
35,1728,2,38,21,5,Thunder Green,0,1,7,4
35,1729,2,39,53,4,Dog Gold,0,1,7,5
35,1732,2,36,609,15,Cover 3 Cloud,0,1,7,0
35,1733,2,34,1073,22,Spy Gold,0,1,7,0
35,1735,2,38,29,11,Sack Red,0,1,7,9
35,1737,2,38,25,2,Monster Green,0,1,7,6
35,1739,2,34,113,1,Cover 2 Man,0,1,7,3
35,1742,2,36,2017,25,Spy 2 Robber,0,1,7,0
35,3189,2,36,65,30,Cover 6,0,1,7,0
35,3636,2,33,1,10,Double Outs,0,1,7,0
35,3638,2,39,57,7,Crash Gold,0,1,7,6
35,3639,2,38,27,8,Fire Green,0,1,7,4
35,3640,2,37,105,18,Crash 2,0,1,7,6
35,3641,2,37,13,23,Monster 2,0,1,7,6
35,3642,2,36,1009,12,Cover 2 Max,0,1,7,3
35,3643,2,36,97,6,Cover 3,0,0,7,3
35,3645,2,37,105,20,Crash 3,0,0,7,6
35,3646,2,38,31,26,Storm Red,0,1,7,9
35,4882,2,33,1,13,Double Slots,0,1,7,0
35,4883,2,34,177,29,Double X ,0,1,7,0
35,4885,2,37,3,17,Hulk 3 ,0,1,7,7
35,4886,2,34,561,19,Double Z,0,1,7,0
35,4887,2,36,21,24,Max Zone ,0,1,7,0
35,4888,2,38,25,14,Pinch Blitz  ,0,1,7,4
35,4909,2,34,113,27,Cover 1  ,0,1,7,3
35,5295,2,33,1073,16,LB Spy,0,1,7,0
35,5296,2,33,1073,28,Double DE Spy,0,1,7,0
35,5297,2,33,1073,21,Safety Spy,0,1,7,0
36,1721,2,34,1009,1,Cover 2 Man,0,1,7,0
36,1724,2,36,65,12,Prevent,0,1,7,0
36,1725,2,38,27,23,Fire Green,0,1,7,6
36,1843,2,33,1,7,Double Slots,0,1,7,0
36,1846,2,39,53,27,Dog Gold,0,1,7,5
36,3195,2,34,1953,4,Spy Gold,0,1,7,0
36,3200,2,36,1009,3,Cover 2,0,1,7,0
36,3868,2,39,57,11,Crash Gold,0,1,7,6
36,3869,2,36,97,6,Cover 3,0,0,7,3
36,3871,2,36,97,18,Cover 3 Switch,0,0,7,3
36,3872,2,37,741,14,Dog 2,0,1,7,5
36,3873,2,37,581,22,Dog 3,0,1,7,5
36,3874,2,37,43,17,Fire 2,0,1,7,6
36,3876,2,38,177,25,Gold Double X,0,1,7,6
36,3878,2,38,561,19,Gold Double Z,0,1,7,5
36,3880,2,37,73,20,Monster 3,0,1,7,6
36,3881,2,38,29,5,Monster Green,0,1,7,6
36,3882,2,36,1121,15,Spy 2,0,1,7,0
36,4889,2,37,3,8,Hulk 2,0,1,7,7
36,4890,2,33,1,13,Double Outs,0,1,7,0
36,4891,2,36,21,24,Max Zone  ,0,1,7,0
36,4893,2,37,21,2,Dogs Zone Blitz ,0,1,7,6
36,4910,2,34,113,9,Cover 1   ,0,1,7,3
36,5055,2,36,65,21,Cover 4,0,1,7,0
36,5298,2,34,1953,16,Double DE Spy,0,1,7,0
36,5299,2,34,1953,10,CB Spy,0,1,7,0
36,5300,2,34,1953,26,Safety Spy,0,1,7,0
38,411,2,21,16384,11,Field Goal,0,0,7,1
38,479,2,3,16384,10,Fake FG - Pass,0,0,7,0
38,480,2,12,16384,12,Fake FG - Run,0,0,7,0
39,412,2,35,0,9,All Out Block,0,1,7,10
40,413,2,33,0,11,FG Block,0,0,7,5
40,1760,2,31,0,10,FG Safe Man,0,0,7,8
40,1766,2,36,0,12,FG Safe Zone,0,0,7,8
66,1356,2,3,2048,13,Spike Ball,0,0,7,0
66,1360,2,3,2048,15,Fake Spike,0,0,7,3
67,1717,2,21,0,4,Onside Kick,0,1,7,0
67,5281,2,21,0,6,Onside Kick ,0,1,7,0
67,5282,2,21,0,6,Onside Kick ,0,1,7,0
69,1355,2,11,4096,14,QB Kneel,0,0,7,0
70,5253,2,21,0,4,Onside Recover ,0,1,7,0
70,5254,2,21,0,6,Onside Recover  ,0,1,7,0
71,1758,2,12,32768,3,Spread Fake Run,0,0,7,1
73,1763,2,21,32768,5,Tight Punt,0,1,7,0
73,1765,2,3,32768,4,Tight Fake Pass,0,0,7,0
74,1767,2,35,0,2,Middle Return,0,1,7,10
74,1768,2,35,0,3,Return Right,0,1,7,10
74,1769,2,35,0,4,Middle Fan,0,1,7,10
74,1770,2,35,0,6,Double Cross,0,1,7,10
74,1771,2,35,0,1,Return Left,0,1,7,10
86,1868,1,3,673,2,Curl Flats,0,1,7,4
86,1869,2,3,33,15,WR Under,0,1,7,5
86,2146,1,3,65,4,Shallow Cross,0,1,7,4
86,2148,2,3,33,16,Slot Drag,0,1,7,2
86,2155,2,3,289,1,Arrows,0,1,7,1
86,2156,2,14,5,8,QB Draw,0,1,7,0
86,2157,2,5,513,11,WR Screen,0,1,7,1
86,2159,1,7,97,13,Rollout,0,1,7,1
86,2160,2,3,33,7,In 'N Out,0,1,7,5
86,4862,2,3,33,6,Smash,0,1,7,2
86,4863,2,3,993,10,Slot Fade,0,1,7,2
86,4864,1,3,65,14,Corner Strike,0,1,7,3
86,4865,1,3,65,17,Outer Loop,0,1,7,2
86,4866,2,3,353,9,Inside Hitches,0,1,7,3
86,4867,2,3,97,12,Wheelies,0,1,7,3
86,4870,2,3,1009,3,Deep Attack,0,1,7,3
86,4871,2,5,657,5,Slot Screen,0,1,7,3
86,4872,2,3,945,18,Deep Outs,0,1,7,3
90,2022,2,15,5,4,Double Iso,0,1,7,1
90,2024,2,17,9,16,Triple Option,0,1,7,1
90,2025,2,12,9,10,HB Power Slam,0,1,7,1
90,2026,2,15,5,6,FB Blast,0,1,7,2
90,2027,2,12,5,3,FB Dive,0,1,7,2
90,2031,2,4,97,2,PA Counter,0,1,7,3
90,2104,2,3,17,8,TE Outs,0,1,7,5
90,2105,2,4,97,5,PA Rollout,0,1,7,3
90,2110,1,3,65,17,Vertical Mesh,0,1,7,3
90,2111,2,17,9,13,Trp Option Cntr,0,1,7,1
90,2112,2,17,9,15,Tr Option Rev,0,1,7,1
90,2113,2,2,97,14,Trp Option Pass,0,1,7,4
90,2987,2,12,3,12,QB FB Option,0,1,7,3
90,2988,2,13,5,1,Counter Lead,0,1,7,1
90,2989,2,15,9,9,HB Lead Toss,0,1,7,1
90,2990,2,12,5,18,HB Tackle,0,1,7,1
90,2991,2,17,9,7,FB Trap,0,1,7,2
90,4873,3,4,17,11,PA TE Deep Posts,0,1,7,3
92,3919,1,3,8257,3,Hail Mary,0,1,7,3
93,3917,1,3,8257,1,Hail Mary,0,1,7,3
96,3918,1,3,8257,2,Hail Mary,0,1,7,3
100,1974,2,12,5,3,HB Iso,0,1,7,1
100,1975,2,12,5,15,HB Sting,0,1,7,1
100,1976,2,12,5,1,FB Dive,0,1,7,2
100,1977,2,11,5,16,QB Sneak,0,1,7,0
100,1978,2,12,5,10,FB Blast,0,1,7,2
100,1979,2,12,9,12,HB Tackle,0,1,7,1
100,1980,2,13,5,9,HB Counter,0,1,7,1
100,1981,2,15,9,13,HB Toss,0,1,7,1
100,1982,2,12,9,7,FB Tackle,0,1,7,2
100,1983,2,3,49,17,Post Corner,0,1,7,5
100,1984,3,3,17,6,HB Swing,0,1,7,1
100,1985,2,4,97,2,QB Boot Rt,0,1,7,4
100,1986,2,4,33,14,PA Spread,0,1,7,4
100,1987,2,3,33,8,TE Cross,0,1,7,3
100,1988,1,3,17,11,Quick Strike,0,1,7,3
100,2114,2,17,9,5,Triple Option,0,1,7,1
100,2115,2,16,1048579,18,TE Around,0,1,7,5
100,2116,2,2,17,4,Option Pass,0,1,7,4
115,2360,2,12,5,10,Double Iso,0,1,7,1
115,2361,2,12,5,12,HB Power Slam,0,1,7,1
115,2362,2,12,1048581,3,FB Inside,0,1,7,4
115,2363,2,13,1048581,15,Counter Lead,0,1,7,1
115,2364,2,15,1048585,16,HB Toss,0,1,7,1
115,2365,2,12,5,18,FB Blast,0,1,7,2
115,2366,2,17,9,7,Triple Option,0,1,7,1
115,2367,2,17,1048585,1,Tr Option Cntr,0,0,7,1
115,2368,2,17,9,4,Tr Option Rev,0,1,7,1
115,2369,2,12,9,6,QB FB Option,0,1,7,0
115,2370,2,2,33,2,Option Pass,0,1,7,3
115,2371,2,12,1048579,13,FB Trap,0,1,7,4
115,2372,2,3,33,5,Corner,0,1,7,4
115,2374,1,3,65,11,TE Corner,0,1,7,5
115,2375,2,4,33,17,PA Fly,0,1,7,4
115,2377,2,3,33,14,FB Streak,0,1,7,4
115,5066,2,4,33,8,PA Boot ,0,1,7,3
115,5067,2,12,5,9,HB Blast,0,1,7,1
128,2729,2,12,5,13,FB Blast,0,1,7,2
128,2730,2,12,3,7,HB Power,0,1,7,1
128,2731,2,13,5,15,Inside Counter,0,1,7,1
128,2732,2,12,5,3,Double Iso,0,1,7,1
128,2733,2,12,5,10,HB Option,0,1,7,4
128,2734,2,12,5,16,HB Lead,0,1,7,4
128,2735,2,12,9,12,HB Tackle,0,1,7,4
128,2736,2,15,9,9,HB Toss,0,1,7,4
128,2737,2,2,33,2,Tr Option Pass,0,1,7,3
128,2738,2,17,9,6,Tr Option Cntr,0,1,7,4
128,2739,2,17,9,1,Power Option,0,1,7,4
128,2740,2,17,3,4,Tr Option Rev,0,1,7,1
128,2741,2,17,9,18,QB FB Option,0,1,7,0
128,2742,2,3,65,8,Vertical,0,1,7,3
128,2743,2,3,33,14,FB Flat,0,1,7,2
128,2744,2,4,33,17,PA Post,0,1,7,3
128,2746,2,3,97,5,TE Corner,0,1,7,5
128,5063,2,4,33,11,PA Boot ,0,1,7,5
142,2747,2,12,5,10,FB Blast,0,1,7,2
142,2748,2,12,3,16,HB Power,0,1,7,1
142,2752,2,12,5,3,Double Iso,0,1,7,1
142,2753,2,12,5,13,HB Option,0,1,7,4
142,2756,2,12,5,15,Inside Smash,0,1,7,4
142,2757,2,15,9,9,HB Toss,0,1,7,4
142,2758,2,17,9,6,Tr Option Rev,0,1,7,4
142,2759,2,2,65,2,Option Pass,0,1,7,4
142,2761,2,17,3,1,Power Option,0,1,7,1
142,2762,2,17,9,18,QB FB Option,0,1,7,0
142,2763,2,17,3,4,Triple Option,0,1,7,1
142,2985,2,13,5,7,Inside Counter,0,1,7,1
142,2986,2,12,5,12,HB Lead,0,1,7,4
142,3105,2,3,65,8,HB Streaks,0,1,7,1
142,3107,2,3,65,5,Vertical,0,1,7,3
142,3109,2,4,33,17,PA Post,0,1,7,3
142,3112,2,3,33,14,FB Flat,0,1,7,2
142,5064,2,4,33,11,PA Boot ,0,1,7,3
143,2766,2,12,5,12,FB Blast,0,1,7,2
143,2767,2,12,3,17,HB Power,0,1,7,1
143,2769,2,12,5,3,Double Iso,0,1,7,1
143,2774,2,15,9,6,HB Toss,0,1,7,4
143,2775,2,17,3,4,Tr Option Rev,0,1,7,1
143,2776,2,2,33,2,Tr Option Pass,0,1,7,3
143,2779,2,17,9,1,Power Option,0,1,7,4
143,2780,2,17,9,10,QB FB Option,0,1,7,0
143,2781,2,17,9,5,Triple Option,0,1,7,4
143,2981,2,12,5,7,HB Option,0,1,7,4
143,2982,2,13,5,13,Inside Counter,0,1,7,1
143,2983,2,12,5,15,HB Lead,0,1,7,4
143,2984,2,12,9,9,HB Tackle,0,1,7,4
143,3106,2,3,65,8,HB Streaks,0,1,7,1
143,3110,2,4,33,18,PA Post,0,1,7,3
143,3111,2,3,33,11,FB Flat,0,1,7,2
143,3113,2,3,33,16,TE Streaks,0,1,7,5
143,5065,2,4,33,14,PA Boot ,0,1,7,3
146,3202,2,36,97,3,Cover 3,0,0,7,3
146,3203,2,38,29,15,Monster Green,0,1,7,6
146,3206,2,37,101,9,Dog 3,0,1,7,9
146,3210,2,34,1041,4,Spy Gold,0,1,7,0
146,3214,2,38,27,8,Fire Green,0,1,7,4
146,3215,2,38,21,13,Thunder Green,0,1,7,5
146,3216,2,37,15,10,Mad Robber,0,1,7,6
146,3217,2,39,19,14,Crash Gold,0,1,7,4
146,3220,2,38,1045,7,Spy Green,0,1,7,5
146,4894,2,37,29,5,CB Heat ,0,1,7,7
146,4895,2,38,25,2,Pinch Blitz  ,0,1,7,5
146,4896,2,37,21,12,Dogs Zone Blitz ,0,1,7,5
146,4897,2,39,113,1,Cover 1 ,0,1,7,5
146,4898,2,36,97,21,Cover 4  ,0,1,7,0
146,4899,2,37,21,19,All Out Blitz ,0,1,7,4
146,5056,2,36,15,6,Cover 2,0,1,7,0
146,5057,2,34,15,18,Cover 2 Man,0,1,7,0
146,5059,2,39,21,17,Lightning Gold ,0,1,7,4
146,5291,2,34,1073,11,Safety Spy,0,1,7,8
146,5292,2,39,1073,16,Double DE Spy,0,1,7,6
146,5293,2,37,1073,20,Double OLB Spy,0,1,7,4
147,3229,2,33,1041,4,Spy Green,0,1,7,0
147,3230,2,34,25,1,Crash Gold,0,1,7,0
147,3237,2,37,77,5,Monster 3,0,1,7,5
147,3886,2,36,11,3,Cover 2,0,1,7,0
147,3887,2,36,33,7,Cover 3,0,1,7,0
147,3888,2,38,27,2,Fire Green,0,1,7,4
147,5060,2,34,17,9,Cover 1  ,0,1,7,3
147,5061,2,34,49,10,Cover 2 Man,0,1,7,3
147,5062,2,37,97,11,Cover 4 ,0,1,7,4
147,5307,2,34,17,6,Double DE Spy,0,1,7,3
147,5308,2,36,33,8,LB Spy,0,1,7,0
147,5309,2,34,17,12,Safety Spy,0,1,7,3
152,3239,2,17,5,11,AB Option,0,1,7,2
152,3240,2,17,3,4,BB Option,0,1,7,1
152,3242,2,12,5,7,BB Dive,0,1,7,1
152,3243,2,17,9,1,Tr Option Cntr,0,1,7,2
152,3244,2,12,3,13,AB Around,0,1,7,5
152,3245,2,12,9,18,AB Sweep,0,1,7,2
152,3246,2,12,5,16,BB Sting,0,1,7,1
152,3247,2,12,5,15,AB Lead,0,1,7,2
152,3248,2,17,9,6,Quick Option,0,1,7,5
152,3249,2,12,5,9,BB Trap,0,1,7,1
152,3250,2,17,9,3,Triple Option,0,1,7,5
152,3251,2,5,145,12,BB Screen,0,1,7,2
152,3252,2,2,65,5,Option Pass,0,1,7,3
152,3253,3,3,17,14,Curl Flats,0,1,7,5
152,3254,2,3,97,8,AB Corners,0,1,7,2
152,3255,2,4,569,10,PA Roll Right,0,1,7,4
152,3256,2,4,225,17,PA Boot Left,0,0,7,3
152,3257,1,3,993,2,Deep Attack,0,1,7,3
160,3261,2,17,3,4,BB Option,0,1,7,1
160,3262,2,12,5,10,AB Inside,0,1,7,2
160,3263,2,12,5,7,BB Dive,0,1,7,1
160,3265,2,17,9,1,Tr Option Cntr,0,1,7,2
160,3266,2,12,5,9,BB Trap,0,1,7,1
160,3267,2,16,3,13,AB Around,0,1,7,5
160,3268,2,12,5,12,AB Lead,0,1,7,5
160,3269,2,12,5,15,BB Sting,0,1,7,1
160,3270,2,12,9,18,AB Sweep,0,1,7,2
160,3271,2,17,9,6,Quick Option,0,1,7,5
160,3272,2,11,3,16,QB Sweep,0,1,7,0
160,3273,2,3,817,5,TE Corner,0,1,7,4
160,3274,2,4,689,17,PA AB Screen,0,1,7,5
160,3275,2,3,1009,2,TE Attack,0,1,7,3
160,3276,2,4,97,11,PA AB Wheels,0,1,7,5
160,3277,2,4,97,8,PA Boot Right,0,1,7,2
160,3278,2,3,1009,14,TE Cross,0,1,7,3
160,3323,2,17,9,3,Triple Option,0,1,7,5
161,3279,2,12,5,8,BB Trap,0,1,7,1
161,3281,2,12,1048585,18,AB Sweep,0,1,7,2
161,3284,2,11,3,3,QB Sweep,0,1,7,0
161,3286,2,12,1048581,6,AB Lead,0,1,7,2
161,3288,2,17,3,16,BB Option,0,1,7,1
161,3289,2,12,5,4,BB Sting,0,1,7,1
161,3290,2,17,9,13,Tr Option Cntr,0,1,7,2
161,3292,2,12,5,1,BB Dive,0,1,7,1
161,3294,2,4,225,5,PA Slot Cross,0,1,7,3
161,3295,2,3,481,14,TE Drag,0,1,7,5
161,3296,2,3,1049009,17,AB Flat,0,1,7,2
161,3297,2,3,481,10,Corners,0,1,7,2
161,3298,2,4,865,7,PA Boot Right,0,1,7,2
161,3299,2,4,481,2,PA Read,0,1,7,3
161,3300,2,3,945,9,Ghost,0,1,7,4
161,3301,2,5,145,12,Slot Screen,0,1,7,4
161,3324,2,17,9,15,Triple Option,0,1,7,2
161,4875,2,17,1048577,11,Triple WR Option ,0,1,7,1
162,3303,2,12,5,10,BB Trap,0,1,7,1
162,3304,2,11,3,12,QB Sweep,0,1,7,0
162,3305,2,12,5,9,BB Sting,0,1,7,1
162,3307,2,12,1048585,17,AB Sweep,0,1,7,2
162,3308,2,12,1048581,14,AB Lead,0,1,7,2
162,3309,2,17,3,7,BB Option,0,1,7,1
162,3310,2,17,3,3,Triple Option,0,1,7,2
162,3311,2,17,9,1,Tr Option Cntr,0,1,7,2
162,3312,2,12,5,5,BB Dive,0,1,7,1
162,3313,2,3,449,2,WR Middle,0,1,7,3
162,3314,2,3,673,4,Curl Flats,0,1,7,3
162,3315,2,3,993,15,Vertical,0,1,7,3
162,3316,2,3,993,8,AB Fade,0,1,7,2
162,3317,2,3,993,13,Smash,0,1,7,5
162,3318,2,3,993,11,Slant Flare,0,1,7,4
162,3319,2,3,993,16,WR Corners,0,1,7,3
162,3322,2,5,145,18,BB Screen,0,1,7,4
162,5069,2,4,569,6,PA Roll Right ,0,1,7,4
163,3325,2,17,3,4,BB Option,0,1,7,1
163,3326,2,12,1048581,12,AB Inside,0,1,7,2
163,3327,2,12,5,8,BB Dive,0,1,7,1
163,3328,2,17,9,3,Triple Option,0,1,7,5
163,3330,2,12,5,18,BB Trap,0,1,7,1
163,3331,2,17,9,1,Tr Option Cntr,0,1,7,2
163,3332,2,16,1048579,10,AB Around,0,1,7,5
163,3333,2,12,1048581,13,AB Lead,0,1,7,2
163,3334,2,12,5,15,BB Sting,0,1,7,1
163,3335,2,12,1048585,16,AB Sweep,0,1,7,2
163,3336,2,17,9,6,Quick Option,0,1,7,5
163,3337,2,3,817,5,TE Corner,0,1,7,4
163,3338,2,3,225,14,WR Corner,0,1,7,3
163,3339,1,3,993,2,WR Deep Post,0,1,7,3
163,3340,2,3,945,9,TE Post,0,1,7,4
163,3341,2,3,1009,11,AB Cross,0,1,7,2
163,3343,2,5,145,17,WR Screen,0,1,7,3
163,5070,2,4,569,7,PA Roll Right  ,0,1,7,4
164,3344,2,12,5,11,BB Trap,0,1,7,1
164,3345,2,17,9,15,Triple Option,0,1,7,2
164,3346,2,12,5,4,BB Dive,0,1,7,1
164,3347,2,11,3,9,QB Sweep,0,1,7,0
164,3348,2,12,1048585,1,AB Sweep,0,1,7,2
164,3349,2,17,3,3,BB Option,0,1,7,1
164,3350,2,17,9,13,Tr Option Cntr,0,1,7,2
164,3351,2,12,5,7,BB Sting,0,1,7,1
164,3352,2,12,1048581,6,AB Lead,0,1,7,2
164,3353,2,3,993,16,Read,0,1,7,3
164,3354,2,4,481,8,PA TE Drag,0,1,7,5
164,3355,2,3,993,2,Double Slants,0,1,7,3
164,3357,2,5,657,14,BB Screen,0,1,7,2
164,3359,2,3,993,12,TE Wheel,0,1,7,5
164,3360,2,3,721,10,Hitches,0,1,7,3
164,3362,2,5,145,18,WR Screen,0,1,7,3
164,4876,2,17,1048577,17,Triple WR Option ,0,1,7,1
164,4877,2,4,481,5,PA Slot Post,0,1,7,4
181,3514,2,12,557056,6,Tight Fake Run,0,0,7,1
182,3518,2,35,0,5,Safe Return,0,1,7,8
183,3519,2,35,0,7,Straight Block,0,1,7,10
183,3520,2,35,0,8,Dble Lightning,0,1,7,10
197,3654,2,4,17,7,PA FB Toss,0,1,7,5
197,3655,2,4,65,2,PA Lead,0,1,7,3
197,3656,2,3,17,9,Corners Delay,0,1,7,5
197,3657,1,3,65,11,HB Streak,0,1,7,4
197,3658,2,3,17,17,FB Fly,0,1,7,2
197,3742,2,15,9,3,Power Sweep,0,1,7,1
197,3743,2,13,3,16,FB Counter Out,0,1,7,2
197,3744,2,12,9,18,Off Tackle,0,1,7,1
197,3745,2,12,5,12,FB Dive,0,1,7,2
197,3747,2,12,5,1,HB Lead,0,1,7,1
197,3748,2,17,9,4,Lead Option,0,1,7,1
197,3749,2,17,9,14,Speed Option,0,1,7,4
197,3750,2,15,3,6,HB Toss,0,1,7,1
197,3751,2,15,9,8,FB Toss,0,1,7,2
197,3762,2,3,993,15,TE Across,0,1,7,5
197,3763,2,3,1009,13,HB Under,0,1,7,4
197,3764,2,3,1009,5,All Out,0,1,7,1
197,4879,2,13,9,10,HB Counter Out,0,1,7,1
221,3997,2,36,97,1,3 Deep Roll  ,0,0,7,0
221,3998,2,36,609,2,3 Deep Switch,0,0,7,0
221,3999,2,37,21,3,All Out Blitz,0,1,7,4
221,4000,2,37,29,4,CB Blitz,0,1,7,7
221,4001,2,37,29,5,CB Heat,0,1,7,7
221,4002,2,39,113,6,Cover 1,0,1,7,4
221,4003,2,34,113,7,2 Zone Man X,0,1,7,0
221,4004,2,36,1009,8,Cover 2,0,1,7,0
221,4005,2,36,2033,9,Cover 2 MLB Spy,0,1,7,0
221,4006,2,36,97,10,Cover 3 Zone ,0,0,7,0
221,4007,2,36,609,11,Cover 3 Cloud ,0,1,7,0
221,4008,2,37,97,12,Cover 4 ,0,1,7,3
221,4009,2,37,105,13,Crash 2  ,0,1,7,3
221,4010,2,37,105,14,Crash 3  ,0,0,7,3
221,4011,2,39,57,15,SS Dogs,0,1,7,9
221,4012,2,39,53,16,Dog Gold  ,0,1,7,4
221,4013,2,34,1,17,Double Outs ,0,1,7,0
221,4014,2,34,1,18,Double Slots  ,0,1,7,0
221,4015,2,38,27,19,Fire Green  ,0,1,7,3
221,4016,2,39,21,20,FS Blitz  ,0,1,7,8
221,4017,2,34,1073,21,FS Spy ,0,1,7,0
221,4018,2,38,21,23,Middle Blitz ,0,1,7,4
221,4019,2,37,13,24,Monster 2  ,0,1,7,4
221,4020,2,38,25,25,Monster Green ,0,1,7,6
221,4021,2,39,21,26,OLB Fire  ,0,1,7,4
221,4022,2,39,25,27,Pinch Blitz  ,0,1,7,4
221,4023,2,36,65,28,Prevent 4  ,0,1,7,0
221,4024,2,36,97,29,Quarters  ,0,1,7,0
221,4025,2,36,2017,30,Spy 2 Robber ,0,1,7,0
221,4026,2,39,31,31,SS Blitz ,0,1,7,9
221,4027,2,34,1073,32,Double LB Spy,0,1,7,0
221,4028,2,37,31,33,Storm Red  ,0,1,7,9
221,4029,2,37,21,34,MLB Zone Blitz,0,1,7,9
221,4030,2,37,21,35,Zone Blitz ,0,1,7,9
221,4031,2,36,21,22,Max Zone ,0,1,7,0
221,4104,2,34,1,13,Double X,0,1,7,0
221,4105,2,34,1,16,Double Z,0,1,7,0
221,5124,2,39,113,4,Cover 2 Man ,0,1,7,4
221,5263,2,37,105,22,SS Zone Blitz,0,0,7,9
221,5301,2,34,1073,17,Double DE Spy,0,1,7,0
221,5302,2,34,1073,27,SS Double Spy   ,0,1,7,0
221,5303,2,37,1969,33,Spy 2 Blitz,0,1,7,0
222,4068,2,37,21,31,Zone Blitz,0,1,7,4
222,4069,2,37,21,32,Storm Red ,0,1,7,5
222,4070,2,37,21,30,Dogs Zone Blitz,0,1,7,9
222,4072,2,36,609,6,Cover 2 ,0,0,7,3
222,4073,2,37,21,15,All Out Blitz ,0,1,7,5
222,4074,2,37,1053,5,CB Blitz  ,0,1,7,7
222,4075,2,37,29,18,CB Heat  ,0,1,7,7
222,4076,2,34,1137,13,MLB Spy,0,1,7,3
222,4077,2,34,113,4,Cover 2 Man ,0,1,7,3
222,4079,2,36,2033,20,Cover 2 MLB Spy,0,1,7,3
222,4080,2,36,97,3,Cover 3  ,0,0,7,3
222,4085,2,38,57,9,Crash Gold ,0,1,7,9
222,4087,2,33,1,16,Double Outs ,0,1,7,0
222,4088,2,33,1,19,Double Slots ,0,1,7,0
222,4090,2,38,21,29,FS Blitz ,0,1,7,8
222,4091,2,34,1073,10,FS Spy ,0,1,7,0
222,4092,2,36,21,11,Max Zone,0,1,7,0
222,4093,2,38,21,12,Middle Blitz ,0,1,7,4
222,4094,2,37,13,14,Monster 2  ,0,1,7,4
222,4096,2,39,21,25,OLB Fire  ,0,1,7,4
222,4097,2,38,25,21,Pinch Blitz  ,0,1,7,4
222,4098,2,36,65,27,Prevent 4  ,0,1,7,0
222,4100,2,36,2017,17,Spy 2 Robber ,0,1,7,0
222,4101,2,37,31,24,SS Blitz ,0,1,7,9
222,4102,2,33,1073,7,LB Spy,0,1,7,0
222,4103,2,39,113,1,Cover 1,0,1,7,5
222,4106,2,34,1,26,Double X,0,1,7,0
222,4107,2,34,1,22,Double Z,0,1,7,0
222,4108,2,36,65,8,Quarters   ,0,1,7,0
222,4109,2,38,31,2,SS Dogs ,0,1,7,9
222,5304,2,38,31,23,Safety Spy,0,1,7,9
222,5305,2,34,113,28,Double DE Spy,0,1,7,5
222,5306,2,37,97,33,Spy 3 Blitz,0,0,7,3
223,4113,2,17,3,12,Speed Option,0,1,7,1
223,4114,2,3,65,6,Deep Outs ,0,1,7,3
223,4116,2,14,5,18,HB Draw,0,1,7,1
223,4117,2,5,145,9,HB Swing,0,1,7,1
223,4119,2,17,9,10,HB Option,0,1,7,1
223,4120,2,6,129,17,QB Screen,0,1,7,0
223,4121,2,15,9,16,HB Toss,0,1,7,1
223,4123,2,3,97,1,FL Middle ,0,1,7,3
223,4124,2,12,5,2,HB Sting ,0,1,7,1
223,4125,2,4,353,13,PA Deep,0,1,7,2
223,4126,2,3,353,11,Quick Slants ,0,1,7,4
223,4127,2,3,97,4,Slot Seam ,0,1,7,2
223,4128,2,3,65,15,Deep Attack,0,1,7,5
223,4129,2,13,5,5,HB Counter,0,1,7,1
223,4130,2,3,673,3,Curl Flats ,0,1,7,4
223,5073,2,12,5,8,HB Slam,0,1,7,1
223,5074,2,4,33,7,PA Rollout ,0,1,7,3
223,5075,2,12,5,14,HB Dive  ,0,1,7,1
224,4133,2,13,5,4,HB Counter,0,1,7,1
224,4134,2,12,5,7,HB Dive ,0,1,7,1
224,4135,2,14,5,3,HB Draw ,0,1,7,1
224,4136,2,6,33,16,HB Pass,0,1,7,1
224,4137,3,5,145,10,HB Swing,0,1,7,1
224,4138,2,12,5,1,HB Slam,0,1,7,1
224,4140,2,15,9,17,HB Toss ,0,1,7,1
224,4141,2,4,97,5,PA Mills,0,1,7,3
224,4144,2,17,9,13,HB Option ,0,1,7,1
224,4145,2,17,3,15,Speed Option ,0,1,7,1
224,4146,2,4,33,12,PA Strike,0,1,7,4
224,4147,2,4,33,2,PA Rollout ,0,1,7,3
224,4148,2,3,65,18,TE Crosses,0,1,7,5
224,4149,2,3,65,14,TE Streak,0,1,7,5
224,4150,2,3,33,8,Safety Attack,0,1,7,4
224,4151,2,12,9,11,HB Tackle,0,1,7,1
224,4227,2,12,5,6,Power O,0,1,7,1
224,4228,2,16,9,9,WR Reverse,0,1,7,3
225,4153,2,17,3,18,Speed Option,0,1,7,1
225,4154,2,12,5,5,HB Dive ,0,1,7,1
225,4155,2,14,5,14,HB Draw ,0,1,7,1
225,4156,2,17,9,7,HB Option ,0,1,7,1
225,4157,2,12,5,9,HB Counter,0,1,7,1
225,4158,2,15,9,11,HB Toss ,0,1,7,1
225,4159,2,4,97,4,PA Rollout,0,1,7,4
225,4160,2,4,97,10,PA Fake Toss ,0,1,7,2
225,4161,2,14,5,16,QB Draw ,0,1,7,0
225,4162,2,3,673,6,Curl Flats ,0,1,7,4
225,4164,2,3,97,15,HB Clearout ,0,1,7,1
225,4165,2,3,97,13,Quick Slants ,0,1,7,3
225,4166,2,3,33,17,Triangle ,0,1,7,1
225,4167,2,3,353,12,Cross ,0,1,7,3
225,4168,2,3,49,8,Smash,0,1,7,4
225,4170,2,3,33,1,Slot Crosses,0,1,7,2
225,4171,2,3,65,3,Corners,0,1,7,2
225,5117,2,12,5,2,HB Slam,0,1,7,1
226,4172,2,17,3,5,Speed Option,0,1,7,1
226,4173,2,12,5,10,HB Dive  ,0,1,7,1
226,4174,2,14,5,17,HB Draw  ,0,1,7,1
226,4175,2,12,5,9,HB Toss,0,1,7,1
226,4176,2,17,9,12,Triple WR Option,0,1,7,1
226,4177,2,13,5,7,HB Counter,0,1,7,1
226,4178,2,12,5,15,HB Sting,0,1,7,1
226,4179,2,17,9,13,HB Option ,0,1,7,1
226,4180,2,12,5,2,HB Slam,0,1,7,1
226,4181,2,3,33,16,TE Drag ,0,1,7,5
226,4183,2,3,97,6,Stretch,0,1,7,3
226,4184,2,5,145,8,HB Swing,0,1,7,1
226,4185,2,4,97,11,PA TE Corner,0,1,7,5
226,4186,2,3,33,4,Quick Outs,0,1,7,3
226,4187,2,3,17,14,Mid Attack,0,1,7,5
226,4189,2,4,97,3,PA Rollout,0,1,7,3
226,4860,2,3,1,18,WR Drag,0,1,7,2
226,4902,2,3,33,1,Slot Corner,0,1,7,2
227,4190,2,3,65,11,Corners,0,1,7,4
227,4191,2,17,3,4,Speed Option,0,1,7,1
227,4192,2,13,5,10,HB Counter,0,1,7,1
227,4193,2,3,289,7,Cross In,0,1,7,3
227,4194,2,12,5,8,HB Dive ,0,1,7,1
227,4195,2,14,5,12,HB Draw ,0,1,7,1
227,4196,2,17,9,14,HB Option ,0,1,7,1
227,4197,3,5,529,15,HB Swing,0,1,7,1
227,4198,2,12,5,16,Power O,0,1,7,1
227,4199,2,15,3,6,HB Toss ,0,1,7,1
227,4200,2,4,33,9,PA Crosses,0,1,7,2
227,4201,2,3,97,5,TE Drag ,0,1,7,5
227,4202,2,3,33,13,TE Deep Outs,0,1,7,2
227,4203,2,3,97,17,TE Seams,0,1,7,5
227,4204,2,17,1048585,18,Triple WR Option,0,1,7,3
227,4205,2,3,33,1,TE Wheel,0,1,7,3
227,5078,2,12,5,2,HB Slam ,0,1,7,1
227,5079,2,4,33,3,PA Rollout  ,0,1,7,3
228,4208,2,5,529,13,FL Screen,0,1,7,4
228,4209,2,13,5,10,HB Counter,0,1,7,1
228,4210,2,3,97,6,Curl Flat ,0,1,7,4
228,4211,2,3,97,11,FL Post,0,1,7,2
228,4212,2,3,881,15,Slot Wheel,0,1,7,4
228,4213,2,12,5,2,HB Dive ,0,1,7,1
228,4214,2,14,5,12,HB Draw ,0,1,7,1
228,4215,2,12,5,8,HB Slam,0,1,7,1
228,4216,2,15,9,18,HB Toss,0,1,7,1
228,4217,2,17,9,14,HB Option,0,1,7,1
228,4218,2,17,3,16,Speed Option,0,1,7,1
228,4219,2,4,97,3,PA Deep Post ,0,1,7,4
228,4220,2,4,97,9,PA Boot Rt,0,1,7,2
228,4221,2,3,49,1,Y Stick,0,1,7,3
228,4222,2,3,97,7,Crossers,0,1,7,5
228,4224,2,6,1048673,17,HB Pass,0,1,7,3
228,4225,2,3,97,4,Cross In,0,1,7,2
228,4226,2,12,5,5,Power O,0,1,7,1
229,4229,2,3,97,3,Y Stick,0,1,7,3
229,4230,2,13,5,5,HB Counter,0,1,7,1
229,4231,2,12,5,2,HB Dive,0,1,7,1
229,4232,2,14,5,11,HB Draw,0,1,7,1
229,4233,2,5,145,6,HB Swing,0,1,7,1
229,4234,2,12,5,8,HB Read,0,1,7,1
229,4235,2,17,3,13,Speed Option,0,1,7,1
229,4236,2,3,33,7,Over Under,0,1,7,4
229,4237,2,4,97,1,PA TE Corners ,0,1,7,5
229,4238,2,4,97,17,PA Toss Drag ,0,1,7,3
229,4239,2,4,545,9,PA QB Boot,0,1,7,3
229,4240,2,17,9,15,HB Option,0,1,7,1
229,4241,2,15,9,16,HB Toss,0,1,7,1
229,4242,2,3,97,4,TE Check ,0,1,7,5
229,4243,2,3,65,14,TE Seams,0,1,7,5
229,4244,2,3,801,10,TE Wheels,0,1,7,3
229,4245,2,12,9,18,HB Slam,0,1,7,1
229,4246,2,3,161,12,HB Streak,0,1,7,5
230,4247,2,3,881,11,Backside Post,0,1,7,3
230,4248,2,3,33,15,Corners,0,1,7,5
230,4249,2,3,817,16,Double Outs Curl,0,1,7,2
230,4250,2,3,945,1,Fade Delay ,0,1,7,5
230,4251,2,13,13,17,HB Counter ,0,1,7,1
230,4252,2,12,5,14,HB Dive ,0,1,7,1
230,4253,2,14,5,10,HB Draw ,0,1,7,1
230,4255,2,3,945,13,LB Bait ,0,1,7,1
230,4256,2,3,753,4,Out or Up ,0,1,7,1
230,4257,2,4,49,6,PA Dig,0,1,7,2
230,4259,2,3,993,7,Safety Divide ,0,1,7,3
230,4261,2,3,1009,9,Smash Read,0,1,7,4
230,4262,2,3,993,18,Vertical,0,1,7,2
230,4263,2,15,3,5,HB Toss,0,1,7,1
230,4264,2,15,1048579,12,WR Toss ,0,1,7,5
230,4267,2,12,9,8,Power O,0,1,7,1
230,5071,2,12,5,2,HB Slam,0,1,7,1
230,5072,2,4,33,3,PA Rollout,0,1,7,4
231,4271,2,3,1009,8,Ace Arrow ,0,1,7,4
231,4274,2,3,433,1,Compost,0,1,7,4
231,4275,2,13,5,2,HB Counter,0,1,7,1
231,4276,2,3,1009,10,Curl Out,0,1,7,4
231,4277,2,4,1009,13,PA Flat Choice ,0,1,7,4
231,4278,2,12,5,11,HB Dive ,0,1,7,1
231,4279,2,14,5,14,HB Draw ,0,1,7,1
231,4280,2,5,529,15,HB Swing,0,1,7,1
231,4281,2,4,993,12,PA Seam,0,1,7,4
231,4284,2,15,9,17,HB Toss,0,1,7,1
231,4285,2,3,945,16,TE Dump,0,1,7,2
231,4287,2,3,1009,3,TE Drag ,0,1,7,5
231,4289,2,12,5,6,HB Read ,0,1,7,1
231,4291,2,17,9,7,HB Option ,0,1,7,1
231,4292,2,17,1048577,9,Triple WR Option,0,1,7,1
231,4293,2,4,529,18,PA TE Screen,0,1,7,1
231,5076,2,12,5,4,HB Slam ,0,1,7,1
231,5077,2,4,33,5,PA Rollout ,0,1,7,3
232,4296,2,3,1009,16,Cross Seams,0,1,7,5
232,4297,2,3,993,12,Crosses,0,1,7,5
232,4298,2,3,1009,1,Deep Attack,0,1,7,4
232,4299,2,3,49,4,Post Flats,0,1,7,2
232,4300,2,3,993,3,Curl Flats,0,1,7,3
232,4301,2,5,529,5,Y Screen,0,1,7,1
232,4302,2,3,993,11,Switch Smash,0,1,7,2
232,4303,2,17,1048579,17,HB Option,0,1,7,1
232,4304,2,3,945,6,WR Outs,0,1,7,3
232,4305,2,3,1009,13,Slot Outs,0,1,7,5
232,4306,1,3,993,7,Out Attack,0,1,7,2
232,4307,2,14,5,14,QB Draw ,0,1,7,0
232,4308,2,3,993,15,Smash,0,1,7,1
232,4309,2,3,993,9,Safety Delight,0,1,7,4
232,4310,2,3,993,10,Stick,0,1,7,4
232,4311,2,17,1048585,2,Speed Option ,0,1,7,1
232,4312,2,3,657,18,Slot Screen,0,1,7,3
232,4313,2,3,993,8,Twin Slants,0,1,7,3
236,4314,2,3,33,18,Angle,0,1,7,1
236,4315,2,13,5,6,HB Counter,0,1,7,1
236,4317,2,12,5,1,HB Iso ,0,1,7,1
236,4320,2,15,9,17,HB Toss,0,1,7,1
236,4321,2,2,33,8,Option Pass ,0,1,7,4
236,4322,2,4,33,2,PA FB Flat,0,1,7,5
236,4323,2,17,9,9,Power Option,0,1,7,1
236,4325,2,3,33,10,TE Drag ,0,1,7,5
236,4326,2,17,1,7,Tr Option Cntr ,0,1,7,1
236,4327,2,17,13,3,Triple Option,0,1,7,1
236,4328,2,3,33,14,WR Post ,0,1,7,3
236,4329,2,6,801,16,HB Toss Pass ,0,1,7,1
236,4330,2,3,17,12,Curls,0,1,7,4
236,4332,2,15,9,15,FB Fake Toss ,0,1,7,1
236,4334,2,12,5,13,FB Dive ,0,1,7,2
236,5034,2,12,5,4,HB Slam ,0,1,7,1
236,5035,2,4,33,5,PA Boot,0,1,7,3
236,5118,2,12,9,11,HB Tackle,0,1,7,1
237,4336,2,12,5,6,FB Blast ,0,1,7,2
237,4337,2,12,5,2,HB Iso ,0,1,7,1
237,4339,2,15,9,12,HB Toss,0,1,7,1
237,4341,2,4,33,3,PA In ,0,1,7,5
237,4342,2,17,9,18,Power Option ,0,1,7,1
237,4343,2,3,33,15,Slot Fade,0,1,7,5
237,4344,2,17,1,16,Tr Option Cntr ,0,1,7,1
237,4345,2,17,9,10,Triple Option,0,1,7,1
237,4346,2,3,33,1,WR Drag,0,1,7,4
237,4347,2,16,1048579,14,Slot Around,0,1,7,5
237,4348,2,3,33,11,Check ,0,1,7,4
237,4349,2,3,33,13,Slants,0,1,7,1
237,4350,2,3,65,7,Stretch ,0,1,7,3
237,4354,2,14,5,8,HB Draw ,0,1,7,1
237,4355,3,5,529,17,HB Screen ,0,1,7,1
237,4356,2,4,33,9,PA FB Seam,0,1,7,5
237,5036,2,12,5,4,HB Slam ,0,1,7,1
237,5037,2,4,33,5,PA Boot ,0,1,7,3
238,4357,2,13,5,10,HB Counter,0,1,7,1
238,4358,2,3,97,11,Scissors,0,1,7,3
238,4359,2,12,5,12,FB Dive ,0,1,7,2
238,4360,2,12,5,14,HB Iso ,0,1,7,1
238,4361,2,12,5,17,HB Read,0,1,7,1
238,4362,2,15,9,1,HB Toss,0,1,7,1
238,4363,2,2,33,8,Option Pass ,0,1,7,5
238,4364,2,4,65,16,PA Smash ,0,1,7,5
238,4365,2,4,145,15,PA Screen,0,1,7,1
238,4366,2,17,9,7,Power Option,0,1,7,1
238,4369,2,16,1048585,13,Triple WR Option,0,1,7,4
238,4370,2,17,3,9,Speed Option ,0,1,7,1
238,4371,2,17,1,6,Tr Option Rev ,0,1,7,1
238,4372,2,17,9,4,Triple Option ,0,1,7,1
238,4373,2,3,17,5,RB Flats ,0,1,7,1
238,4374,2,3,65,18,Vertical ,0,1,7,3
238,5038,2,12,5,3,HB Slam ,0,1,7,1
238,5039,2,4,33,2,PA Boot ,0,1,7,5
239,4375,2,13,9,4,HB Counter,0,1,7,1
239,4377,2,12,5,10,FB Dive ,0,1,7,2
239,4378,2,5,145,9,HB Screen ,0,1,7,2
239,4379,2,12,5,1,HB Iso ,0,1,7,1
239,4380,2,12,9,14,HB Lead,0,1,7,1
239,4382,2,15,9,12,HB Toss,0,1,7,1
239,4384,2,3,49,7,TE Corners,0,1,7,4
239,4385,2,4,97,13,PA Rollout,0,1,7,4
239,4386,2,3,65,15,TE Crosses,0,1,7,5
239,4387,2,3,17,11,TE Flats ,0,1,7,3
239,4388,2,17,9,16,Tr Option Cntr ,0,1,7,1
239,4389,2,2,33,17,Tr Option Pass ,0,1,7,5
239,4390,2,17,1,3,Tr Option Rev ,0,1,7,1
239,4391,2,17,9,18,Triple Option ,0,1,7,1
239,4393,2,4,33,2,PA FB Flat ,0,1,7,5
239,4414,2,12,5,8,FB Blast,0,1,7,2
239,5040,2,12,5,6,HB Slam ,0,1,7,1
239,5041,2,4,33,5,PA Boot,0,1,7,3
240,4396,2,13,9,1,HB Counter,0,1,7,1
240,4397,2,17,3,10,Fake Rt Option Lt ,0,1,7,2
240,4398,2,12,5,4,FB Dive ,0,1,7,2
240,4399,2,15,9,6,FB Fake Toss ,0,1,7,1
240,4400,2,12,5,7,HB Dive ,0,1,7,1
240,4401,2,12,9,9,HB Off Tackle ,0,1,7,1
240,4402,2,3,49,17,Man Flow ,0,1,7,4
240,4403,2,2,49,15,Option Pass ,0,1,7,4
240,4404,2,4,33,11,PA HB Toss ,0,1,7,2
240,4405,2,4,65,8,PA Crosser,0,1,7,1
240,4406,2,3,33,2,Slot Post ,0,1,7,4
240,4407,2,3,33,13,Cross Flare,0,1,7,4
240,4408,2,17,9,14,Speed Option,0,1,7,1
240,4409,2,17,3,16,Sprint Option ,0,1,7,1
240,4410,2,15,9,12,HB Toss,0,1,7,1
240,4411,2,17,9,5,Tr Option Rev ,0,1,7,1
240,4412,2,17,9,18,Triple Option ,0,1,7,1
240,4413,2,13,3,3,HB Counter Wk,0,1,7,1
241,4500,2,17,1048585,2,QB Choice ,0,1,7,0
241,4501,2,3,97,4,Angle ,0,1,7,1
241,4502,2,3,33,1,Corners ,0,1,7,5
241,4503,1,3,97,13,Slot Cross,0,1,7,4
241,4505,1,3,65,14,Cross Post,0,1,7,4
241,4506,2,12,1048581,8,HB Dive,0,1,7,1
241,4507,1,3,97,18,HB Streak ,0,1,7,1
241,4508,2,3,17,15,HB Swing,0,1,7,1
241,4509,2,3,33,10,All Curls,0,1,7,4
241,4511,2,4,97,9,PA Inside,0,1,7,4
241,4512,2,3,97,12,Clearout,0,1,7,3
241,4513,2,14,5,11,QB Draw,0,1,7,0
241,4514,2,11,9,17,QB Off Tackle,0,1,7,0
241,4515,2,17,9,5,Speed Option ,0,1,7,1
241,4516,2,3,17,7,WR Drag,0,1,7,2
241,4517,3,5,145,16,Screens,0,1,7,1
241,4518,2,5,17,6,Slot Screen ,0,1,7,5
241,4519,2,4,961,3,PA Read ,0,1,7,2
242,4415,2,3,33,7,HB Angle,0,1,7,1
242,4416,3,3,17,4,All Curls,0,1,7,4
242,4417,2,3,33,1,Corners,0,1,7,2
242,4418,2,5,529,10,HB Swing,0,1,7,1
242,4419,1,3,65,18,HB Streak,0,1,7,1
242,4420,2,12,1048581,8,HB Dive,0,1,7,1
242,4421,2,4,33,9,PA WR In,0,1,7,3
242,4422,2,4,961,12,PA Read,0,1,7,2
242,4423,2,14,5,5,QB Draw,0,1,7,0
242,4424,2,3,17,15,WR Posts,0,1,7,3
242,4425,2,3,97,14,Seam Attack,0,1,7,2
242,4426,2,17,9,2,Speed Option ,0,1,7,0
242,4427,2,3,33,13,TE Cross ,0,1,7,5
242,4428,2,3,17,17,WR Stutter Slant,0,1,7,5
242,4429,1,3,17,16,Arrow,0,1,7,2
242,4430,2,3,65,6,HB Corner,0,1,7,1
242,4431,2,3,33,3,TE Dig,0,1,7,3
242,4432,2,12,1048579,11,HB Off Tackle,0,1,7,1
243,4434,3,3,17,1,WR Curls,0,1,7,4
243,4435,2,3,33,13,Y Corner,0,1,7,4
243,4437,2,3,545,7,Corner Strike,0,1,7,5
243,4439,2,5,529,12,HB Swing,0,1,7,1
243,4440,1,3,65,14,HB Go,0,1,7,1
243,4441,2,12,1048581,2,HB Dive,0,1,7,1
243,4443,2,4,97,9,PA Flood,0,1,7,5
243,4444,2,4,993,3,PA Read,0,1,7,3
243,4447,2,3,305,15,Quick Slants ,0,1,7,2
243,4448,1,3,65,16,Slot Wheels,0,1,7,2
243,4449,2,17,9,5,Speed Option ,0,1,7,0
243,4450,1,3,65,10,Deep Attack,0,1,7,3
243,4452,2,3,33,6,WR Under,0,1,7,3
243,4453,2,3,97,4,Slot Seams,0,1,7,2
243,4454,2,12,1048579,8,HB Off Tackle,0,1,7,1
243,4456,2,3,17,18,Y Stick,0,1,7,3
243,4457,2,17,1048585,17,QB Choice,0,1,7,0
243,4498,2,12,1572873,11,HB Direct ,0,1,7,1
244,4477,2,3,97,14,Deep Comebacks,0,1,7,3
244,4478,2,3,65,3,Deep Threats ,0,1,7,3
244,4479,2,3,17,8,RB Flats,0,1,7,1
244,4481,2,12,1048581,7,HB Dive,0,1,7,1
244,4482,2,3,49,10,RB Cross,0,1,7,1
244,4484,2,17,9,11,Power Option,0,1,7,1
244,4485,2,17,1048585,4,QB Choice,0,1,7,0
244,4486,2,11,9,17,QB Off Tackle,0,1,7,0
244,4487,2,3,17,18,FB Seam,0,1,7,3
244,4488,2,3,65,16,HB Swing,0,1,7,1
244,4490,2,3,17,12,TE Drag ,0,1,7,5
244,4491,2,3,97,6,Y Corner,0,1,7,5
244,4493,2,3,97,1,WR Corner,0,1,7,4
244,4495,2,17,1048585,9,Triple Option,0,1,7,0
244,4496,2,4,961,5,PA Read,0,1,7,2
244,4497,2,17,9,15,Speed Option ,0,1,7,0
244,4499,2,12,1048585,13,HB Off Tackle,0,1,7,1
244,5053,2,17,1048585,2,Triple Option Wk,0,1,7,0
245,4458,1,3,65,10,Assault,0,1,7,2
245,4459,3,3,17,7,Curl Flats ,0,1,7,4
245,4460,1,3,65,11,Deep Outs ,0,1,7,3
245,4461,1,3,65,12,Deep Post ,0,1,7,4
245,4462,2,3,33,2,Slot Corners,0,1,7,2
245,4463,2,3,609,3,Flood ,0,1,7,2
245,4465,2,3,97,5,Slants,0,1,7,4
245,4466,2,3,993,14,Middle Attack,0,1,7,2
245,4467,2,3,97,1,Middle Clear ,0,1,7,5
245,4468,1,3,65,17,Corner Strike,0,1,7,3
245,4469,2,14,5,8,QB Draw ,0,1,7,0
245,4470,2,3,33,15,Ghost Cross,0,1,7,4
245,4471,1,3,17,4,Zig Outs,0,1,7,4
245,4472,1,3,33,13,Slot Outs ,0,1,7,5
245,4473,2,3,353,18,Y Stick,0,1,7,3
245,4474,2,3,97,6,Comebacks,0,1,7,3
245,4475,2,5,529,9,DBL WR Screen,0,1,7,5
245,4476,2,3,97,16,Wheelies,0,1,7,3
246,4521,2,3,33,3,Angle,0,1,7,1
246,4523,2,17,1048585,11,Triple Option,0,1,7,0
246,4525,1,3,65,6,Y Stick,0,1,7,3
246,4526,2,3,289,10,HB Circle ,0,1,7,1
246,4527,2,12,1048581,5,HB Dive,0,1,7,1
246,4528,3,5,529,9,HB Swing,0,1,7,1
246,4530,2,4,33,4,PA Corner,0,1,7,3
246,4531,2,3,977,1,RB Crosses,0,1,7,3
246,4532,2,3,33,15,Strike,0,1,7,5
246,4535,2,3,65,13,RB Deep ,0,1,7,1
246,4536,2,3,289,16,HB Flare,0,1,7,5
246,4537,2,3,33,12,Slot Corner ,0,1,7,5
246,4538,2,17,9,2,Speed Option ,0,1,7,0
246,4539,2,3,33,18,WR Middle,0,1,7,3
246,4541,2,4,961,7,PA Read ,0,1,7,2
246,4542,2,17,3,8,Triple HB Option,0,1,7,1
246,4543,2,14,5,17,QB Draw  ,0,1,7,0
246,4544,2,12,1572873,14,HB Direct  ,0,1,7,1
247,4545,2,3,97,7,Corners,0,1,7,3
247,4546,2,5,529,14,FL Screen,0,1,7,4
247,4547,2,3,97,4,Cross Post,0,1,7,2
247,4548,2,3,97,12,HB Corner ,0,1,7,1
247,4549,2,3,81,13,HB Out ,0,1,7,1
247,4551,2,12,1048581,8,HB Dive,0,1,7,1
247,4554,2,4,97,9,PA WR In,0,1,7,3
247,4555,2,14,5,5,QB Draw ,0,1,7,0
247,4556,2,3,97,1,LB Attack,0,1,7,2
247,4557,2,3,97,16,Ohio,0,1,7,2
247,4558,2,17,9,11,Speed Option ,0,1,7,1
247,4559,2,3,97,10,TE Post,0,1,7,5
247,4561,2,3,113,6,FL Cross,0,1,7,2
247,4562,2,17,1048585,2,QB Choice ,0,1,7,0
247,4563,2,4,993,3,PA Read ,0,1,7,5
247,4565,2,3,33,15,WR Under,0,1,7,3
247,4566,3,5,145,18,HB Screen  ,0,1,7,1
247,5185,2,12,1572873,17,HB Direct ,0,1,7,1
248,4568,2,3,993,4,Angle Drag,0,1,7,1
248,4569,2,3,945,16,Deep Cross,0,1,7,5
248,4570,2,3,481,7,Drag Special,0,1,7,5
248,4571,2,3,1009,9,Flanker Corner ,0,1,7,4
248,4572,2,12,1048581,5,HB Dive,0,1,7,1
248,4573,2,17,1048579,14,QB Choice,0,1,7,0
248,4575,2,3,81,18,WR Deep Post,0,1,7,1
248,4576,2,14,5,17,QB Draw ,0,1,7,0
248,4577,2,11,3,8,QB Off Tackle,0,1,7,0
248,4578,2,3,1009,13,HB TE Combo ,0,1,7,2
248,4579,2,3,481,3,Slant HB Wheel,0,1,7,4
248,4580,2,17,9,2,Speed Option ,0,1,7,0
248,4581,2,3,993,6,Mesh,0,1,7,5
248,4582,2,3,481,1,TE Deep ,0,1,7,3
248,4583,2,3,993,10,TE Dig Wheelie,0,1,7,5
248,4584,2,5,145,12,Tunnel Screen ,0,1,7,3
248,4586,2,4,993,15,PA Read ,0,1,7,4
248,4587,2,13,1048579,11,HB Off Tackle,0,1,7,1
249,4588,2,3,945,4,All Curls,0,1,7,1
249,4589,2,3,993,8,Clearout All,0,1,7,3
249,4590,2,3,993,9,Corner Combo,0,1,7,4
249,4591,2,3,97,1,Deep Crossup,0,1,7,1
249,4592,2,3,945,3,FL Special,0,1,7,3
249,4594,2,12,1048581,5,HB Dive,0,1,7,1
249,4596,2,3,993,14,Inside Wheel,0,1,7,2
249,4597,2,3,945,6,Middle Zig-In,0,1,7,3
249,4598,2,3,977,15,Drag HB Corner,0,1,7,1
249,4599,2,3,993,11,Angle Outs,0,1,7,2
249,4600,2,4,993,16,PA Hooks,0,1,7,1
249,4601,2,4,193,12,PA Read,0,1,7,4
249,4603,2,17,1048585,13,QB Choice ,0,1,7,0
249,4611,2,12,1048585,10,HB Off Tackle,0,1,7,1
249,4612,2,17,9,2,Speed Option ,0,1,7,0
249,4613,2,17,1048579,17,WR Sweep Opt ,0,1,7,2
249,4617,2,6,1048579,18,WR Opt HB Pass,0,0,7,2
249,5187,2,12,1572873,7,HB Direct  ,0,1,7,1
250,4618,2,17,1048579,14,QB Choice,0,1,7,0
250,4619,2,4,849,15,PA Read,0,1,7,5
250,4620,2,17,9,17,Speed Option ,0,1,7,1
250,4621,2,14,5,8,QB Draw ,0,1,7,0
250,4622,3,5,145,13,HB Swing,0,1,7,1
250,4623,2,12,1048579,5,HB Off Tackle ,0,1,7,1
250,4624,2,12,1048581,2,HB Dive,0,1,7,1
250,4625,2,3,1009,7,Double TE Outs ,0,1,7,5
250,4626,2,3,433,9,Mesh,0,1,7,3
250,4627,2,3,993,11,HB Wheel,0,1,7,5
250,4628,2,3,977,12,FL Out and Ups ,0,1,7,3
250,4629,2,3,33,3,Smash,0,1,7,4
250,4630,2,3,97,6,Safety Occupy,0,1,7,3
250,4631,2,3,689,4,Slant Outs ,0,1,7,4
250,4632,2,3,993,18,TE Delight,0,1,7,2
250,4633,2,3,945,16,TE Wheel,0,1,7,5
250,4634,2,3,1009,1,TE Flats,0,1,7,2
250,4635,2,3,1009,10,Stretch Under ,0,1,7,3
251,4636,2,17,1048585,12,Triple Option,0,1,7,1
251,4637,2,17,9,3,Power Option ,0,1,7,1
251,4638,2,2,65,11,Option Pass ,0,1,7,5
251,4639,2,12,1048581,13,FB Blast ,0,1,7,2
251,4640,2,12,1048581,7,FB Over ,0,1,7,2
251,4641,2,12,1048581,5,HB Dive ,0,1,7,1
251,4642,2,12,9,9,Power O,0,1,7,1
251,4643,2,15,1048585,17,HB Toss,0,1,7,1
251,4644,2,4,33,14,PA Sideline,0,1,7,1
251,4645,2,13,9,15,Counter Weak,0,1,7,1
251,4646,2,3,33,18,WR Corners,0,1,7,3
251,4648,2,4,65,6,PA Deep Post ,0,1,7,5
251,4650,2,3,17,8,Arrow,0,1,7,3
251,4652,2,17,1048579,10,Tr Option Rev,0,1,7,1
251,4653,2,3,1048609,4,HB Angle,0,1,7,1
251,4654,2,3,65,16,RB Flats,0,1,7,3
251,5044,2,12,5,1,HB Slam ,0,1,7,1
251,5045,2,4,33,2,PA Boot ,0,1,7,3
252,4655,2,13,9,4,Counter Weak,0,1,7,1
252,4656,2,12,1048581,6,FB Blast ,0,1,7,2
252,4659,2,12,1048581,2,HB Dive ,0,1,7,1
252,4660,2,12,9,13,Power O,0,1,7,1
252,4661,2,17,9,8,Power Option ,0,1,7,1
252,4662,2,15,1048585,17,HB Toss,0,1,7,1
252,4663,2,17,1048579,10,Tr Option Rev,0,1,7,1
252,4664,2,17,1048585,12,Triple Option,0,1,7,1
252,4666,2,4,33,7,PA Shallow Cross,0,1,7,1
252,4667,2,4,65,3,PA Slot Post,0,1,7,5
252,4668,2,3,289,16,Post Dig,0,1,7,4
252,4669,2,3,17,18,WR Comebacks,0,1,7,4
252,4670,3,5,529,9,HB Screen  ,0,1,7,1
252,4671,2,4,33,11,PA FB Seam ,0,1,7,5
252,4672,2,3,33,1,WR Drag,0,1,7,4
252,4673,2,3,33,5,Curl Flats,0,1,7,4
252,5046,2,12,5,15,HB Slam ,0,1,7,1
252,5047,2,4,33,14,PA Boot ,0,1,7,3
253,4674,2,13,5,3,Counter Strong,0,1,7,1
253,4675,2,13,9,6,HB Weak Toss,0,1,7,1
253,4676,2,17,1048585,15,Option Strong,0,1,7,1
253,4677,2,17,1048579,13,H-Back Choice,0,1,7,2
253,4678,2,12,1048581,8,HB Trey,0,1,7,1
253,4679,2,12,1048581,10,HB Dive,0,1,7,1
253,4680,2,17,9,16,Option Weak,0,1,7,1
253,4681,2,15,1048585,18,HB Toss,0,1,7,1
253,4682,2,2,65,14,Quick Slants,0,1,7,5
253,4683,2,12,1048581,1,HB Dive  ,0,1,7,1
253,4684,2,17,9,12,Power Option,0,1,7,1
253,4687,2,5,65,7,Triple Screen,0,1,7,4
253,4688,2,3,49,5,Full Mesh,0,1,7,3
253,4689,2,3,33,9,Curls,0,1,7,5
253,4690,2,4,33,2,PA Read,0,1,7,1
253,4691,2,4,33,17,Dual Screen,0,1,7,4
253,5119,2,4,65,11,PA Boot,0,1,7,5
253,5120,2,12,5,4,HB Slam  ,0,1,7,1
255,4692,2,13,9,9,Counter Weak,0,1,7,1
255,4693,2,12,1048581,3,FB Blast ,0,1,7,2
255,4694,2,12,1048581,12,FB Over  ,0,1,7,2
255,4695,2,12,1048581,1,HB Dive  ,0,1,7,1
255,4696,2,12,9,7,HB Read ,0,1,7,1
255,4697,2,17,1048579,16,Tr Option Rev ,0,1,7,1
255,4698,2,17,1048585,14,Triple Option,0,1,7,1
255,4699,2,17,9,18,Power Option  ,0,1,7,1
255,4700,2,13,5,6,Counter Strong,0,1,7,1
255,4701,2,15,1048585,10,HB Toss,0,1,7,1
255,4703,2,2,1049089,13,Tr Option Pass ,0,1,7,3
255,4704,2,3,33,17,TE Crosses,0,1,7,3
255,4705,2,4,33,2,PA TE Corners ,0,1,7,5
255,4707,2,3,33,15,TE Seams,0,1,7,5
255,4708,2,3,17,8,FL Slant,0,1,7,3
255,4709,2,3,17,11,FB Seam,0,1,7,1
255,5050,2,12,5,4,HB Slam  ,0,1,7,1
255,5051,2,4,33,5,PA Boot ,0,1,7,3
256,4710,2,2,97,14,Option Pass ,0,1,7,5
256,4712,2,12,1048581,3,HB Dive,0,1,7,1
256,4713,2,16,1048581,9,QB Draw,0,1,7,0
256,4714,2,12,5,7,HB Blast,0,1,7,1
256,4716,2,15,9,17,HB Toss,0,1,7,1
256,4717,2,12,1048579,1,HB Weak,0,1,7,1
256,4718,2,17,1048579,13,Speed Option,0,1,7,1
256,4719,2,13,5,11,HB Counter,0,1,7,1
256,4721,2,12,5,5,HB Read,0,1,7,1
256,4722,2,4,33,6,Curls,0,1,7,3
256,4724,2,3,97,4,Seams,0,1,7,4
256,4725,2,3,33,18,WR Slants ,0,1,7,4
256,4726,2,3,33,8,Slot Posts,0,1,7,4
256,4729,2,3,33,16,Drag n Slants,0,1,7,5
256,4730,2,3,33,12,Deep Slant,0,1,7,3
256,4731,2,4,17,10,PA Read Divide,0,1,7,3
256,4774,2,17,9,15,Weak Option,0,1,7,1
256,5121,2,4,97,2,PA Read,0,1,7,1
258,4732,2,12,1048581,3,FB Over,0,1,7,2
258,4734,2,13,5,5,HB Counter,0,1,7,1
258,4735,2,12,1048579,1,HB Weak,0,1,7,1
258,4739,2,17,1048579,11,Triple Option,0,1,7,1
258,4740,2,2,65,12,Option Pass,0,1,7,4
258,4741,2,3,161,15,WR Corner,0,1,7,3
258,4743,2,3,33,6,Slot Cross,0,1,7,5
258,4744,2,3,97,13,RB Corner,0,1,7,3
258,4745,2,3,33,4,WR Curls,0,1,7,3
258,4746,2,3,65,16,Mills,0,1,7,3
258,4747,2,3,33,10,Flat Post,0,1,7,3
258,4749,2,4,33,9,PA FB Streak,0,1,7,5
258,4750,2,3,65,7,Slot Post,0,1,7,3
258,4751,2,3,33,18,WR Drag ,0,1,7,4
258,4773,2,12,5,8,HB Read,0,1,7,1
258,4775,2,17,9,14,Power Option ,0,1,7,1
258,5182,2,4,97,2,PA Rollout ,0,1,7,4
258,5183,2,12,5,17,HB Blast,0,1,7,1
259,4752,2,12,1048581,3,FB Dive  ,0,1,7,2
259,4753,2,12,1048581,10,FB Over  ,0,1,7,2
259,4754,2,12,5,6,HB Blast ,0,1,7,1
259,4755,2,13,5,1,Counter Strong,0,1,7,1
259,4757,2,12,1048579,9,HB Weak,0,1,7,1
259,4758,2,12,9,12,HB Read,0,1,7,1
259,4759,2,2,97,14,Option Pass ,0,1,7,5
259,4761,2,15,9,18,HB Toss,0,1,7,1
259,4762,2,17,1048579,15,Triple Option,0,1,7,1
259,4763,2,11,5,16,QB Sneak ,0,1,7,0
259,4764,2,17,1048585,4,Tr Option Rev ,0,1,7,1
259,4765,2,17,3,13,Power Option ,0,1,7,1
259,4766,2,5,529,11,HB Screen ,0,1,7,1
259,4767,2,3,65,17,TE Stretch,0,1,7,3
259,4768,2,3,65,5,TE Drags,0,1,7,5
259,4769,2,3,17,2,TE Flats ,0,1,7,3
259,4770,2,4,97,8,PA Rollout,0,1,7,4
259,4771,2,13,1048585,7,Counter Weak,0,1,7,1
260,4776,2,13,1048585,10,Counter Weak,0,1,7,1
260,4778,2,17,3,17,Power Option ,0,1,7,1
260,4779,2,17,1048579,4,Triple Option ,0,1,7,1
260,4780,2,2,97,5,Option Pass  ,0,1,7,5
260,4781,2,17,1048585,6,Tr Option Rev ,0,1,7,1
260,4783,2,12,1048581,9,FB Over   ,0,1,7,2
260,4785,2,15,1048579,14,HB Toss,0,1,7,1
260,4787,2,3,225,8,WR Crosses,0,1,7,3
260,4788,2,4,481,11,PA FB Wheel ,0,1,7,2
260,4789,2,4,97,16,PA WR Curl,0,1,7,3
260,4790,2,3,97,13,Slot Cross,0,1,7,4
260,4791,2,4,3,15,PA TE Drag,0,1,7,5
260,4792,2,3,625,1,Slot Wheel ,0,1,7,4
260,4793,2,3,705,18,TE Corner ,0,1,7,5
260,4794,2,13,5,7,Counter Strong,0,1,7,1
260,4795,2,12,5,2,HB Read,0,1,7,1
260,5122,2,4,65,3,PA Comeback,0,1,7,5
260,5181,2,12,5,12,HB Blast,0,1,7,1
261,4796,2,3,161,4,Y-Stick,0,1,7,3
261,4797,2,12,1048581,3,HB Sting,0,1,7,1
261,4798,2,3,161,6,Cross In,0,1,7,3
261,4799,2,3,561,2,Crossers,0,1,7,4
261,4800,2,15,5,1,HB Lead,0,1,7,1
261,4801,2,12,3,15,HB Off Tackle,0,1,7,1
261,4802,2,3,561,14,WR Under,0,1,7,1
261,4803,2,2,97,16,Option Pass,0,1,7,3
261,4804,2,4,433,10,Divide,0,1,7,4
261,4805,2,4,529,12,HB Screen,0,1,7,3
261,4806,2,3,705,8,Mid Attack,0,1,7,3
261,4807,2,12,3,13,HB Slam,0,1,7,1
261,4808,2,17,9,5,Speed Option ,0,1,7,1
261,4809,2,14,9,11,QB Draw,0,1,7,0
261,4811,2,12,1048589,9,Counter Weak,0,1,7,1
261,4812,2,13,3,7,Counter Strong,0,1,7,1
261,4813,2,17,1048579,18,Slot Sweep,0,1,7,2
261,5184,2,4,97,17,PA Read,0,1,7,4
262,4815,2,13,1048585,2,HB Counter ,0,1,7,1
262,4816,2,12,1048581,4,FB Blast ,0,1,7,2
262,4817,2,13,1048581,10,FB Counter,0,1,7,2
262,4818,2,14,1048581,6,HB Draw ,0,1,7,1
262,4819,2,12,1048581,8,HB Read,0,1,7,1
262,4821,2,15,1048585,17,HB Toss,0,1,7,1
262,4822,2,2,33,14,Option Pass ,0,1,7,5
262,4823,2,17,9,15,Power Option,0,1,7,1
262,4824,2,17,3,13,Speed Option,0,1,7,1
262,4825,2,5,145,9,HB Screen ,0,1,7,1
262,4826,2,4,65,7,PA TE Wheel,0,1,7,3
262,4827,2,3,33,1,WR Corners ,0,1,7,4
262,4828,2,3,33,11,RB Clearout,0,1,7,4
262,4829,2,3,49,18,TE Corner,0,1,7,3
262,4830,2,3,65,5,TE Seam,0,1,7,5
262,4831,2,3,65,3,Hitch & Go's,0,1,7,3
262,4832,2,3,17,16,WR Out,0,1,7,4
262,4904,2,12,1048585,12,HB Dbl Option,0,1,7,1
263,4833,2,12,1048581,4,FB Dive ,0,1,7,2
263,4835,2,12,1048581,11,HB Dive ,0,1,7,1
263,4836,2,14,1048581,6,HB Draw ,0,1,7,1
263,4838,2,5,145,13,FB Screen,0,1,7,1
263,4839,2,15,1048585,17,HB Toss,0,1,7,1
263,4840,2,4,33,9,PA Ohio,0,1,7,5
263,4841,2,17,9,10,Power Option ,0,1,7,1
263,4842,2,17,3,8,Speed Option ,0,1,7,1
263,4845,2,4,65,15,PA Lead,0,1,7,3
263,4850,2,3,49,1,Slants,0,1,7,3
263,4851,2,3,33,3,WR Middle ,0,1,7,3
263,4852,1,3,8257,12,Underneath,0,1,7,3
263,4853,2,3,33,18,HB Angle ,0,1,7,1
263,4854,2,3,33,5,Slot Corner  ,0,1,7,5
263,4855,2,3,49,16,RB Swing,0,1,7,1
263,4856,2,13,1048585,2,HB Counter  ,0,1,7,1
263,4857,2,12,1048581,14,HB Read,0,1,7,1
263,4858,2,3,33,7,WR Corners  ,0,1,7,4
268,4912,2,3,65,9,WR Corners,0,1,7,2
268,4914,2,3,353,16,WR Cross,0,1,7,3
268,4915,2,3,673,1,Curl Cross,0,1,7,4
268,4916,2,3,97,4,HB Corner,0,1,7,1
268,4917,2,12,5,2,HB Counter ,0,1,7,1
268,4918,2,12,5,5,HB Dive  ,0,1,7,1
268,4920,2,17,9,8,HB Option  ,0,1,7,1
268,4921,2,15,9,14,HB Toss ,0,1,7,1
268,4922,2,4,97,6,PA Dive,0,1,7,4
268,4923,2,4,97,15,PA Fake Toss  ,0,1,7,2
268,4924,2,14,5,17,QB Draw,0,1,7,0
268,4925,2,3,97,13,WR Clearouts,0,1,7,3
268,4926,2,3,49,10,HB Seam,0,1,7,4
268,4927,2,3,33,7,Under Drags,0,1,7,2
268,4928,2,3,49,18,WR Under,0,1,7,5
268,4929,2,3,33,3,HB Angle,0,1,7,1
268,4989,2,12,5,11,HB Slam,0,1,7,1
268,4990,2,4,33,12,PA Rollout ,0,1,7,3
269,4930,2,3,33,4,Trips Attack,0,1,7,4
269,4931,2,3,97,7,Angle ,0,1,7,1
269,4932,2,3,97,9,Clearout,0,1,7,3
269,4933,2,3,33,1,Corners ,0,1,7,5
269,4935,2,3,609,10,Flood,0,1,7,5
269,4936,2,12,1048581,2,HB Dive,0,1,7,1
269,4937,2,3,17,13,HB Out ,0,1,7,1
269,4938,3,5,145,15,Screens,0,1,7,1
269,4939,1,3,97,16,HB Streak ,0,1,7,1
269,4940,2,3,33,17,Y Stick,0,1,7,3
269,4941,2,4,97,3,PA Inside ,0,1,7,4
269,4942,2,4,961,12,PA Read  ,0,1,7,2
269,4943,2,17,1048585,11,QB Choice  ,0,1,7,0
269,4944,2,14,5,8,QB Draw ,0,1,7,0
269,4946,1,3,97,6,Slot Cross ,0,1,7,4
269,4947,2,5,17,18,Slot Screen ,0,1,7,5
269,4948,2,17,9,14,Speed Option  ,0,1,7,0
269,4992,2,12,1572873,5,HB Direct  ,0,1,7,1
270,4994,2,5,529,15,HB Swing,0,1,7,1
270,4995,2,12,1048581,2,HB Dive,0,1,7,1
270,4996,2,4,961,3,PA Read ,0,1,7,5
270,4997,2,4,33,9,PA WR In ,0,1,7,5
270,4998,2,14,5,11,QB Draw ,0,1,7,0
270,4999,2,17,9,14,Speed Option,0,1,7,1
270,5000,2,12,1572873,5,HB Direct  ,0,1,7,1
270,5001,2,17,1048585,8,QB Choice ,0,1,7,0
270,5002,2,12,1048579,17,HB Off Tackle,0,1,7,1
270,5003,2,3,673,4,Curl Bunch,0,1,7,4
270,5004,2,3,33,13,HB Mid Attack,0,1,7,1
270,5005,2,3,97,7,HB Corner,0,1,7,1
270,5006,2,3,49,16,HB Streak,0,1,7,4
270,5007,2,3,33,6,Short Drags,0,1,7,2
270,5008,2,3,97,12,WR Clearouts,0,1,7,2
270,5009,2,3,65,18,WR Corners ,0,1,7,2
270,5010,2,3,353,1,Crossers,0,1,7,3
270,5012,1,3,97,10,HB Divide Seam,0,1,7,1
271,4950,2,12,5,7,HB Iso  ,0,1,7,1
271,4951,2,4,33,8,PA FB Flat  ,0,1,7,2
271,4952,2,17,9,16,Tr Option Cntr  ,0,1,7,1
271,4953,2,2,33,14,Tr Option Pass ,0,1,7,5
271,4954,2,17,1,9,Tr Option Rev  ,0,1,7,1
271,4955,2,17,9,18,Triple Option  ,0,1,7,1
271,4957,2,12,5,4,FB Blast ,0,1,7,2
271,4958,2,12,5,3,FB Dive  ,0,1,7,2
271,4959,2,12,5,10,HB Lead,0,1,7,1
271,4961,2,15,9,17,HB Toss,0,1,7,1
271,4962,2,15,9,6,FB Fake Toss  ,0,1,7,1
271,4963,2,13,5,1,HB Counter,0,1,7,1
271,4964,2,17,9,13,Power Option,0,1,7,1
271,4965,2,17,3,15,Speed Option  ,0,1,7,1
271,4966,2,4,97,11,PA Rollout,0,1,7,4
271,5042,2,12,5,12,HB Slam,0,1,7,1
271,5043,2,4,33,5,PA Boot,0,1,7,3
271,5125,2,3,49,2,Corners,0,1,7,4
273,4967,2,3,97,6,HB Angle,0,1,7,1
273,4968,2,3,97,7,Slot Clearout ,0,1,7,3
273,4969,2,3,33,1,All Hook,0,1,7,4
273,4970,2,3,33,18,WR Corners ,0,1,7,5
273,4972,2,3,17,11,HB Out,0,1,7,1
273,4974,2,5,17,16,Slot Screen ,0,1,7,5
273,4976,2,12,5,5,HB Counter,0,1,7,1
273,4977,2,12,5,2,HB Dive  ,0,1,7,1
273,4978,2,14,5,8,HB Draw  ,0,1,7,1
273,4979,2,17,9,12,HB Option  ,0,1,7,1
273,4980,2,12,5,17,Power O,0,1,7,1
273,4982,2,4,33,15,PA Rollout,0,1,7,3
273,4983,2,4,33,9,PA Strike  ,0,1,7,3
273,4984,2,3,97,4,Curl Read,0,1,7,4
273,4985,2,17,3,10,Speed Option,0,1,7,1
273,4986,2,4,97,3,PA Deep Post ,0,1,7,4
273,4987,2,12,5,14,HB Slam,0,1,7,1
273,4991,2,5,529,13,HB Swing,0,1,7,1
274,5145,2,12,1048581,3,FB Blast ,0,1,7,2
274,5146,2,13,1048581,4,FB Counter,0,1,7,2
274,5147,2,13,1048585,1,HB Counter ,0,1,7,1
274,5148,2,12,1048585,6,HB Dbl Option ,0,1,7,1
274,5149,2,14,1048581,7,HB Draw ,0,1,7,1
274,5150,2,12,1048585,9,HB Off Tackle ,0,1,7,1
274,5151,2,5,145,10,HB Screen ,0,1,7,1
274,5152,2,12,1048581,11,HB Read,0,1,7,1
274,5154,2,17,9,13,Power Option,0,1,7,1
274,5155,2,3,33,8,RB Clearout ,0,1,7,1
274,5156,2,17,3,15,Speed Option ,0,1,7,1
274,5157,2,3,49,14,TE Corner ,0,1,7,5
274,5158,2,3,65,16,TE Seam,0,1,7,5
274,5159,2,15,1048585,17,HB Toss,0,1,7,1
274,5160,2,3,49,2,WR Read ,0,1,7,3
274,5161,2,3,49,12,RB Cross ,0,1,7,1
274,5162,2,3,33,5,Slot Corner,0,1,7,5
274,5163,1,3,8257,18,Underneath,0,1,7,3
275,5014,2,13,5,3,Counter Strong,0,1,7,1
275,5015,2,13,9,4,Counter Weak,0,1,7,1
275,5016,2,12,1048581,6,FB Blast ,0,1,7,2
275,5017,2,12,1048581,7,FB Dive ,0,1,7,2
275,5018,2,12,1048581,12,FB Over  ,0,1,7,2
275,5019,2,12,1048581,1,HB Dive   ,0,1,7,1
275,5020,2,12,9,10,HB Read ,0,1,7,1
275,5022,2,4,33,2,PA TE Corner,0,1,7,5
275,5023,2,17,9,15,Power Option  ,0,1,7,1
275,5024,2,15,1048585,9,HB Toss,0,1,7,1
275,5025,2,17,1048579,16,Tr Option Rev  ,0,1,7,1
275,5026,2,17,1048585,18,Triple Option,0,1,7,1
275,5027,2,4,65,11,PA Deep Post  ,0,1,7,5
275,5030,2,3,17,17,Curl Flat,0,1,7,3
275,5031,2,3,33,5,WR Corner,0,1,7,3
275,5032,2,4,33,14,PA Rollout ,0,1,7,3
275,5033,2,12,5,13,HB Slam ,0,1,7,1
275,5126,2,3,49,8,TE Corner,0,1,7,5
276,5127,2,3,97,2,Deep Attack,0,1,7,4
276,5128,2,17,1048581,1,HB Slam,0,1,7,1
276,5129,2,15,1048581,13,H-Back Choice,0,1,7,2
276,5130,2,12,5,7,HB Counter Weak,0,1,7,1
276,5131,2,13,5,15,Counter Trey,0,1,7,1
276,5132,2,12,5,9,Zone Counter,0,1,7,1
276,5133,2,12,1048579,4,HB Weak Toss,0,1,7,1
276,5134,2,12,9,3,HB Zone Read,0,1,7,1
276,5135,2,17,3,10,Option Strong,0,1,7,1
276,5136,2,4,97,5,PA Rollout ,0,1,7,4
276,5137,2,3,33,8,Mesh,0,1,7,3
276,5138,2,17,9,6,Power Option  ,0,1,7,1
276,5139,2,15,9,12,HB Toss,0,1,7,1
276,5140,2,3,33,11,TE Drag ,0,1,7,5
276,5141,2,3,33,14,TE Post,0,1,7,4
276,5142,2,3,33,16,Curl Out,0,1,7,3
276,5143,2,14,1048579,17,QB Draw,0,1,7,0
276,5144,2,3,17,18,PA Read,0,1,7,4
281,5210,2,13,5,3,Counter TE Trap,0,1,7,1
281,5211,2,13,5,4,HB Counter,0,1,7,1
281,5212,2,12,5,14,HB Off Tackle,0,1,7,1
281,5213,2,12,5,1,HB Dive  ,0,1,7,1
281,5214,2,14,5,6,HB Draw ,0,1,7,1
281,5215,2,17,9,9,HB Option  ,0,1,7,1
281,5216,2,12,5,12,Power O,0,1,7,1
281,5217,2,15,5,7,HB Slam,0,1,7,1
281,5218,2,4,1009,8,PA TE Choice,0,1,7,5
281,5219,2,4,33,13,PA Rollout ,0,1,7,3
281,5220,2,4,993,2,PA Seam,0,1,7,4
281,5221,2,15,9,17,HB Toss,0,1,7,1
281,5222,2,3,433,15,TE Angle,0,1,7,2
281,5223,2,3,1009,5,TE Read,0,1,7,5
281,5224,2,3,97,18,Curl Flat  ,0,1,7,4
281,5225,2,5,529,11,Z Screen,0,1,7,4
281,5226,2,3,97,16,TE Cross,0,1,7,5
281,5227,2,17,3,10,Speed Option,0,1,7,1
282,5188,2,13,5,4,HB Counter,0,1,7,1
282,5189,2,12,5,1,Weak Option,0,1,7,1
282,5190,2,17,9,3,Strong Option,0,1,7,1
282,5191,2,15,5,10,HB Weak Toss,0,1,7,1
282,5192,2,12,9,14,Pistol Dive,0,1,7,1
282,5193,2,15,9,12,HB Strong Toss,0,1,7,1
282,5194,2,3,97,5,Deep Outs,0,1,7,3
282,5195,2,3,33,11,Seams,0,1,7,5
282,5196,2,4,33,2,Curls n Go,0,1,7,3
282,5197,2,3,33,15,TE Drag,0,1,7,1
282,5198,3,5,145,13,HB Screen,0,1,7,1
282,5200,2,3,65,18,Streak Out,0,1,7,3
282,5203,2,3,225,9,Mesh,0,1,7,4
282,5204,1,3,993,7,Quick Slant,0,1,7,3
282,5205,2,3,673,16,Dual Screen,0,1,7,3
282,5206,2,14,5,8,HB Slam,0,1,7,1
282,5207,2,13,9,17,Counter Trey,0,1,7,1
282,5209,2,12,5,6,HB Sting,0,1,7,1
283,5228,2,3,1009,4,HB Corner,0,1,7,4
283,5229,2,3,17,7,WR Corners,0,1,7,5
283,5230,2,13,3,8,FB Counter Out,0,1,7,2
283,5231,2,12,5,3,FB Dive ,0,1,7,2
283,5232,2,3,17,9,FB Fly ,0,1,7,2
283,5233,2,15,9,6,FB Toss ,0,1,7,2
283,5234,2,13,9,15,HB Counter ,0,1,7,1
283,5235,2,12,5,1,HB Lead ,0,1,7,1
283,5236,1,3,65,14,HB Streak ,0,1,7,4
283,5237,2,3,1009,17,HB Circles,0,1,7,4
283,5238,2,17,9,10,Lead Option ,0,1,7,1
283,5239,2,12,9,13,Off Tackle ,0,1,7,1
283,5240,2,4,17,5,PA FB Toss ,0,1,7,5
283,5241,2,4,65,2,PA Lead ,0,1,7,3
283,5242,2,15,9,16,Power Sweep ,0,1,7,1
283,5243,2,15,3,18,HB Toss,0,1,7,1
283,5244,2,17,9,12,Speed Option,0,1,7,4
283,5245,2,3,993,11,WR Unders,0,1,7,5
289,5265,2,36,5,5,GL Zone,0,1,7,3
289,5266,2,38,15,1,Slant Blitz ,0,1,7,9
289,5268,2,34,1,2,Man Lock ,0,1,7,3
289,5269,2,37,15,4,OLB Fire,0,1,7,5
289,5270,2,37,15,6,CB Blitz,0,1,7,7
289,5271,2,38,15,3,Dogs Blitz,0,1,7,8
399,7325,1,3,97,1,Curl Flat ,0,1,7,4
399,7327,2,3,433,9,Sail ,0,1,7,5
399,7328,1,3,97,7,Slot Drive,0,1,7,2
399,7330,2,13,1048579,5,HB Zone,0,1,7,1
399,7331,2,17,1048585,14,Motion WR Option ,0,1,7,0
399,7334,2,13,1048585,8,QB Wrap  ,0,1,7,0
399,7335,2,17,9,11,Speed Option   ,0,1,7,0
399,7736,2,12,5,17,QB Power ,0,1,7,0
399,7737,1,3,97,15,Corner Curls,0,1,7,4
399,7738,1,3,97,6,Cross Punch ,0,1,7,4
399,7739,1,3,97,10,Quick Strike,0,1,7,4
399,7740,2,5,97,16,FL Screen ,0,1,7,4
399,7741,2,4,97,3,PA Dagger ,0,1,7,4
399,7742,2,4,961,4,PA Read,0,1,7,5
399,7743,2,3,433,12,Slants ,0,1,7,4
399,7744,1,3,97,13,Texas Corner ,0,1,7,2
399,7747,2,12,1048581,2,HB Dive,0,1,7,1
399,7748,2,5,529,18,HB Screen ,0,1,7,1
433,7391,3,3,17,15,All Curls,0,1,7,4
433,7392,1,3,17,3,Arrows ,0,1,7,2
433,7393,2,3,33,10,Drag Scissors,0,1,7,2
433,7394,2,13,1048579,5,Counter Trap,0,1,7,1
433,7395,2,3,33,4,HB Angle  ,0,1,7,1
433,7396,2,12,1572873,16,HB Direct  ,0,1,7,1
433,7397,2,12,1048581,14,HB Dive,0,1,7,1
433,7398,2,5,529,18,HB Swing,0,1,7,1
433,7399,2,12,1048579,2,HB Split Zone,0,1,7,1
433,7400,2,4,961,1,PA Read  ,0,1,7,2
433,7401,2,4,33,12,PA WR In  ,0,1,7,3
433,7402,2,17,1048585,8,QB Choice   ,0,1,7,0
433,7403,2,13,1048585,11,QB Wrap   ,0,1,7,0
433,7404,2,3,353,6,Scissors In  ,0,1,7,4
433,7405,2,3,97,9,Deep Attack,0,1,7,2
433,7407,2,17,9,13,Speed Option   ,0,1,7,1
433,7408,2,3,17,7,WR Stutter Slant,0,1,7,5
433,7409,2,12,5,17,QB Power   ,0,1,7,0
